﻿year,quarter,region,area,value,unit,source
2555,ไตรมาส 1,กรุงเทพมหานคร,ในเขตเทศบาล,28.04,พันคน,สำนักงานสถิติแห่งชาติ
2555,ไตรมาส 1,ภาคกลาง,ในเขตเทศบาล,26.98,พันคน,สำนักงานสถิติแห่งชาติ
2555,ไตรมาส 1,ภาคกลาง,นอกเขตเทศบาล,36.97,พันคน,สำนักงานสถิติแห่งชาติ
2555,ไตรมาส 1,ภาคเหนือ,ในเขตเทศบาล,11.93,พันคน,สำนักงานสถิติแห่งชาติ
2555,ไตรมาส 1,ภาคเหนือ,นอกเขตเทศบาล,36.83,พันคน,สำนักงานสถิติแห่งชาติ
2555,ไตรมาส 1,ภาคตะวันออกเฉียงเหนือ,ในเขตเทศบาล,16.13,พันคน,สำนักงานสถิติแห่งชาติ
2555,ไตรมาส 1,ภาคตะวันออกเฉียงเหนือ,นอกเขตเทศบาล,90.18,พันคน,สำนักงานสถิติแห่งชาติ
2555,ไตรมาส 1,ภาคใต้,ในเขตเทศบาล,8.32,พันคน,สำนักงานสถิติแห่งชาติ
2555,ไตรมาส 1,ภาคใต้,นอกเขตเทศบาล,23.78,พันคน,สำนักงานสถิติแห่งชาติ
2555,ไตรมาส 2,กรุงเทพมหานคร,ในเขตเทศบาล,28.1,พันคน,สำนักงานสถิติแห่งชาติ
2555,ไตรมาส 2,ภาคกลาง,ในเขตเทศบาล,31.71,พันคน,สำนักงานสถิติแห่งชาติ
2555,ไตรมาส 2,ภาคกลาง,นอกเขตเทศบาล,45.45,พันคน,สำนักงานสถิติแห่งชาติ
2555,ไตรมาส 2,ภาคเหนือ,ในเขตเทศบาล,14.37,พันคน,สำนักงานสถิติแห่งชาติ
2555,ไตรมาส 2,ภาคเหนือ,นอกเขตเทศบาล,50.63,พันคน,สำนักงานสถิติแห่งชาติ
2555,ไตรมาส 2,ภาคตะวันออกเฉียงเหนือ,ในเขตเทศบาล,22.8,พันคน,สำนักงานสถิติแห่งชาติ
2555,ไตรมาส 2,ภาคตะวันออกเฉียงเหนือ,นอกเขตเทศบาล,92.4,พันคน,สำนักงานสถิติแห่งชาติ
2555,ไตรมาส 2,ภาคใต้,ในเขตเทศบาล,17.8,พันคน,สำนักงานสถิติแห่งชาติ
2555,ไตรมาส 2,ภาคใต้,นอกเขตเทศบาล,35.1,พันคน,สำนักงานสถิติแห่งชาติ
2555,ไตรมาส 3,กรุงเทพมหานคร,ในเขตเทศบาล,25.7,พันคน,สำนักงานสถิติแห่งชาติ
2555,ไตรมาส 3,ภาคกลาง,ในเขตเทศบาล,27.7,พันคน,สำนักงานสถิติแห่งชาติ
2555,ไตรมาส 3,ภาคกลาง,นอกเขตเทศบาล,34.6,พันคน,สำนักงานสถิติแห่งชาติ
2555,ไตรมาส 3,ภาคเหนือ,ในเขตเทศบาล,11.3,พันคน,สำนักงานสถิติแห่งชาติ
2555,ไตรมาส 3,ภาคเหนือ,นอกเขตเทศบาล,30.3,พันคน,สำนักงานสถิติแห่งชาติ
2555,ไตรมาส 3,ภาคตะวันออกเฉียงเหนือ,ในเขตเทศบาล,14.5,พันคน,สำนักงานสถิติแห่งชาติ
2555,ไตรมาส 3,ภาคตะวันออกเฉียงเหนือ,นอกเขตเทศบาล,47.8,พันคน,สำนักงานสถิติแห่งชาติ
2555,ไตรมาส 3,ภาคใต้,ในเขตเทศบาล,12.4,พันคน,สำนักงานสถิติแห่งชาติ
2555,ไตรมาส 3,ภาคใต้,นอกเขตเทศบาล,26.5,พันคน,สำนักงานสถิติแห่งชาติ
2555,ไตรมาส 4,กรุงเทพมหานคร,ในเขตเทศบาล,17,พันคน,สำนักงานสถิติแห่งชาติ
2555,ไตรมาส 4,ภาคกลาง,ในเขตเทศบาล,24.38,พันคน,สำนักงานสถิติแห่งชาติ
2555,ไตรมาส 4,ภาคกลาง,นอกเขตเทศบาล,34.14,พันคน,สำนักงานสถิติแห่งชาติ
2555,ไตรมาส 4,ภาคเหนือ,ในเขตเทศบาล,9.96,พันคน,สำนักงานสถิติแห่งชาติ
2555,ไตรมาส 4,ภาคเหนือ,นอกเขตเทศบาล,15.73,พันคน,สำนักงานสถิติแห่งชาติ
2555,ไตรมาส 4,ภาคตะวันออกเฉียงเหนือ,ในเขตเทศบาล,18,พันคน,สำนักงานสถิติแห่งชาติ
2555,ไตรมาส 4,ภาคตะวันออกเฉียงเหนือ,นอกเขตเทศบาล,41.1,พันคน,สำนักงานสถิติแห่งชาติ
2555,ไตรมาส 4,ภาคใต้,ในเขตเทศบาล,10,พันคน,สำนักงานสถิติแห่งชาติ
2555,ไตรมาส 4,ภาคใต้,นอกเขตเทศบาล,17.7,พันคน,สำนักงานสถิติแห่งชาติ
2556,ไตรมาส 1,กรุงเทพมหานคร,ในเขตเทศบาล,28.96,พันคน,สำนักงานสถิติแห่งชาติ
2556,ไตรมาส 1,ภาคกลาง,ในเขตเทศบาล,23.67,พันคน,สำนักงานสถิติแห่งชาติ
2556,ไตรมาส 1,ภาคกลาง,นอกเขตเทศบาล,35.17,พันคน,สำนักงานสถิติแห่งชาติ
2556,ไตรมาส 1,ภาคเหนือ,ในเขตเทศบาล,11.36,พันคน,สำนักงานสถิติแห่งชาติ
2556,ไตรมาส 1,ภาคเหนือ,นอกเขตเทศบาล,19.41,พันคน,สำนักงานสถิติแห่งชาติ
2556,ไตรมาส 1,ภาคตะวันออกเฉียงเหนือ,ในเขตเทศบาล,18.43,พันคน,สำนักงานสถิติแห่งชาติ
2556,ไตรมาส 1,ภาคตะวันออกเฉียงเหนือ,นอกเขตเทศบาล,88.66,พันคน,สำนักงานสถิติแห่งชาติ
2556,ไตรมาส 1,ภาคใต้,ในเขตเทศบาล,14.12,พันคน,สำนักงานสถิติแห่งชาติ
2556,ไตรมาส 1,ภาคใต้,นอกเขตเทศบาล,40.67,พันคน,สำนักงานสถิติแห่งชาติ
2556,ไตรมาส 2,กรุงเทพมหานคร,ในเขตเทศบาล,28.2,พันคน,สำนักงานสถิติแห่งชาติ
2556,ไตรมาส 2,ภาคกลาง,ในเขตเทศบาล,31.43,พันคน,สำนักงานสถิติแห่งชาติ
2556,ไตรมาส 2,ภาคกลาง,นอกเขตเทศบาล,47.27,พันคน,สำนักงานสถิติแห่งชาติ
2556,ไตรมาส 2,ภาคเหนือ,ในเขตเทศบาล,9.94,พันคน,สำนักงานสถิติแห่งชาติ
2556,ไตรมาส 2,ภาคเหนือ,นอกเขตเทศบาล,29.64,พันคน,สำนักงานสถิติแห่งชาติ
2556,ไตรมาส 2,ภาคตะวันออกเฉียงเหนือ,ในเขตเทศบาล,15.63,พันคน,สำนักงานสถิติแห่งชาติ
2556,ไตรมาส 2,ภาคตะวันออกเฉียงเหนือ,นอกเขตเทศบาล,74.81,พันคน,สำนักงานสถิติแห่งชาติ
2556,ไตรมาส 2,ภาคใต้,ในเขตเทศบาล,16.28,พันคน,สำนักงานสถิติแห่งชาติ
2556,ไตรมาส 2,ภาคใต้,นอกเขตเทศบาล,38.95,พันคน,สำนักงานสถิติแห่งชาติ
2556,ไตรมาส 3,กรุงเทพมหานคร,ในเขตเทศบาล,30.75,พันคน,สำนักงานสถิติแห่งชาติ
2556,ไตรมาส 3,ภาคกลาง,ในเขตเทศบาล,28.37,พันคน,สำนักงานสถิติแห่งชาติ
2556,ไตรมาส 3,ภาคกลาง,นอกเขตเทศบาล,52.62,พันคน,สำนักงานสถิติแห่งชาติ
2556,ไตรมาส 3,ภาคเหนือ,ในเขตเทศบาล,14.9,พันคน,สำนักงานสถิติแห่งชาติ
2556,ไตรมาส 3,ภาคเหนือ,นอกเขตเทศบาล,34.63,พันคน,สำนักงานสถิติแห่งชาติ
2556,ไตรมาส 3,ภาคตะวันออกเฉียงเหนือ,ในเขตเทศบาล,21.79,พันคน,สำนักงานสถิติแห่งชาติ
2556,ไตรมาส 3,ภาคตะวันออกเฉียงเหนือ,นอกเขตเทศบาล,56.87,พันคน,สำนักงานสถิติแห่งชาติ
2556,ไตรมาส 3,ภาคใต้,ในเขตเทศบาล,22.07,พันคน,สำนักงานสถิติแห่งชาติ
2556,ไตรมาส 3,ภาคใต้,นอกเขตเทศบาล,43.61,พันคน,สำนักงานสถิติแห่งชาติ
2556,ไตรมาส 4,กรุงเทพมหานคร,ในเขตเทศบาล,25.62,พันคน,สำนักงานสถิติแห่งชาติ
2556,ไตรมาส 4,ภาคกลาง,ในเขตเทศบาล,24.23,พันคน,สำนักงานสถิติแห่งชาติ
2556,ไตรมาส 4,ภาคกลาง,นอกเขตเทศบาล,44.95,พันคน,สำนักงานสถิติแห่งชาติ
2556,ไตรมาส 4,ภาคเหนือ,ในเขตเทศบาล,13.96,พันคน,สำนักงานสถิติแห่งชาติ
2556,ไตรมาส 4,ภาคเหนือ,นอกเขตเทศบาล,32.27,พันคน,สำนักงานสถิติแห่งชาติ
2556,ไตรมาส 4,ภาคตะวันออกเฉียงเหนือ,ในเขตเทศบาล,20.43,พันคน,สำนักงานสถิติแห่งชาติ
2556,ไตรมาส 4,ภาคตะวันออกเฉียงเหนือ,นอกเขตเทศบาล,52.9,พันคน,สำนักงานสถิติแห่งชาติ
2556,ไตรมาส 4,ภาคใต้,ในเขตเทศบาล,14.31,พันคน,สำนักงานสถิติแห่งชาติ
2556,ไตรมาส 4,ภาคใต้,นอกเขตเทศบาล,27.22,พันคน,สำนักงานสถิติแห่งชาติ
2557,ไตรมาส 1,กรุงเทพมหานคร,ในเขตเทศบาล,44.92,พันคน,สำนักงานสถิติแห่งชาติ
2557,ไตรมาส 1,ภาคกลาง,ในเขตเทศบาล,49.68,พันคน,สำนักงานสถิติแห่งชาติ
2557,ไตรมาส 1,ภาคกลาง,นอกเขตเทศบาล,48.89,พันคน,สำนักงานสถิติแห่งชาติ
2557,ไตรมาส 1,ภาคเหนือ,ในเขตเทศบาล,16.05,พันคน,สำนักงานสถิติแห่งชาติ
2557,ไตรมาส 1,ภาคเหนือ,นอกเขตเทศบาล,28.81,พันคน,สำนักงานสถิติแห่งชาติ
2557,ไตรมาส 1,ภาคตะวันออกเฉียงเหนือ,ในเขตเทศบาล,19.31,พันคน,สำนักงานสถิติแห่งชาติ
2557,ไตรมาส 1,ภาคตะวันออกเฉียงเหนือ,นอกเขตเทศบาล,77.96,พันคน,สำนักงานสถิติแห่งชาติ
2557,ไตรมาส 1,ภาคใต้,ในเขตเทศบาล,22.44,พันคน,สำนักงานสถิติแห่งชาติ
2557,ไตรมาส 1,ภาคใต้,นอกเขตเทศบาล,33.06,พันคน,สำนักงานสถิติแห่งชาติ
2557,ไตรมาส 2,กรุงเทพมหานคร,ในเขตเทศบาล,48.8,พันคน,สำนักงานสถิติแห่งชาติ
2557,ไตรมาส 2,ภาคกลาง,ในเขตเทศบาล,69.3,พันคน,สำนักงานสถิติแห่งชาติ
2557,ไตรมาส 2,ภาคกลาง,นอกเขตเทศบาล,56.09,พันคน,สำนักงานสถิติแห่งชาติ
2557,ไตรมาส 2,ภาคเหนือ,ในเขตเทศบาล,23.63,พันคน,สำนักงานสถิติแห่งชาติ
2557,ไตรมาส 2,ภาคเหนือ,นอกเขตเทศบาล,31.52,พันคน,สำนักงานสถิติแห่งชาติ
2557,ไตรมาส 2,ภาคตะวันออกเฉียงเหนือ,ในเขตเทศบาล,18.86,พันคน,สำนักงานสถิติแห่งชาติ
2557,ไตรมาส 2,ภาคตะวันออกเฉียงเหนือ,นอกเขตเทศบาล,71.67,พันคน,สำนักงานสถิติแห่งชาติ
2557,ไตรมาส 2,ภาคใต้,ในเขตเทศบาล,23.87,พันคน,สำนักงานสถิติแห่งชาติ
2557,ไตรมาส 2,ภาคใต้,นอกเขตเทศบาล,41.99,พันคน,สำนักงานสถิติแห่งชาติ
2557,ไตรมาส 3,กรุงเทพมหานคร,ในเขตเทศบาล,40.34,พันคน,สำนักงานสถิติแห่งชาติ
2557,ไตรมาส 3,ภาคกลาง,ในเขตเทศบาล,45.89,พันคน,สำนักงานสถิติแห่งชาติ
2557,ไตรมาส 3,ภาคกลาง,นอกเขตเทศบาล,55.56,พันคน,สำนักงานสถิติแห่งชาติ
2557,ไตรมาส 3,ภาคเหนือ,ในเขตเทศบาล,18.96,พันคน,สำนักงานสถิติแห่งชาติ
2557,ไตรมาส 3,ภาคเหนือ,นอกเขตเทศบาล,29.95,พันคน,สำนักงานสถิติแห่งชาติ
2557,ไตรมาส 3,ภาคตะวันออกเฉียงเหนือ,ในเขตเทศบาล,21.06,พันคน,สำนักงานสถิติแห่งชาติ
2557,ไตรมาส 3,ภาคตะวันออกเฉียงเหนือ,นอกเขตเทศบาล,47.37,พันคน,สำนักงานสถิติแห่งชาติ
2557,ไตรมาส 3,ภาคใต้,ในเขตเทศบาล,20.51,พันคน,สำนักงานสถิติแห่งชาติ
2557,ไตรมาส 3,ภาคใต้,นอกเขตเทศบาล,46.98,พันคน,สำนักงานสถิติแห่งชาติ
2557,ไตรมาส 4,กรุงเทพมหานคร,ในเขตเทศบาล,33.8,พันคน,สำนักงานสถิติแห่งชาติ
2557,ไตรมาส 4,ภาคกลาง,ในเขตเทศบาล,33.84,พันคน,สำนักงานสถิติแห่งชาติ
2557,ไตรมาส 4,ภาคกลาง,นอกเขตเทศบาล,37.99,พันคน,สำนักงานสถิติแห่งชาติ
2557,ไตรมาส 4,ภาคเหนือ,ในเขตเทศบาล,16.83,พันคน,สำนักงานสถิติแห่งชาติ
2557,ไตรมาส 4,ภาคเหนือ,นอกเขตเทศบาล,21.84,พันคน,สำนักงานสถิติแห่งชาติ
2557,ไตรมาส 4,ภาคตะวันออกเฉียงเหนือ,ในเขตเทศบาล,14.33,พันคน,สำนักงานสถิติแห่งชาติ
2557,ไตรมาส 4,ภาคตะวันออกเฉียงเหนือ,นอกเขตเทศบาล,27,พันคน,สำนักงานสถิติแห่งชาติ
2557,ไตรมาส 4,ภาคใต้,ในเขตเทศบาล,19.39,พันคน,สำนักงานสถิติแห่งชาติ
2557,ไตรมาส 4,ภาคใต้,นอกเขตเทศบาล,32.26,พันคน,สำนักงานสถิติแห่งชาติ
2558,ไตรมาส 1,กรุงเทพมหานคร,ในเขตเทศบาล,57.5,พันคน,สำนักงานสถิติแห่งชาติ
2558,ไตรมาส 1,ภาคกลาง,ในเขตเทศบาล,51.07,พันคน,สำนักงานสถิติแห่งชาติ
2558,ไตรมาส 1,ภาคกลาง,นอกเขตเทศบาล,68.92,พันคน,สำนักงานสถิติแห่งชาติ
2558,ไตรมาส 1,ภาคเหนือ,ในเขตเทศบาล,20.47,พันคน,สำนักงานสถิติแห่งชาติ
2558,ไตรมาส 1,ภาคเหนือ,นอกเขตเทศบาล,31.76,พันคน,สำนักงานสถิติแห่งชาติ
2558,ไตรมาส 1,ภาคตะวันออกเฉียงเหนือ,ในเขตเทศบาล,17.56,พันคน,สำนักงานสถิติแห่งชาติ
2558,ไตรมาส 1,ภาคตะวันออกเฉียงเหนือ,นอกเขตเทศบาล,58.06,พันคน,สำนักงานสถิติแห่งชาติ
2558,ไตรมาส 1,ภาคใต้,ในเขตเทศบาล,18.1,พันคน,สำนักงานสถิติแห่งชาติ
2558,ไตรมาส 1,ภาคใต้,นอกเขตเทศบาล,37.83,พันคน,สำนักงานสถิติแห่งชาติ
2558,ไตรมาส 2,กรุงเทพมหานคร,ในเขตเทศบาล,46.4,พันคน,สำนักงานสถิติแห่งชาติ
2558,ไตรมาส 2,ภาคกลาง,ในเขตเทศบาล,50.36,พันคน,สำนักงานสถิติแห่งชาติ
2558,ไตรมาส 2,ภาคกลาง,นอกเขตเทศบาล,44.21,พันคน,สำนักงานสถิติแห่งชาติ
2558,ไตรมาส 2,ภาคเหนือ,ในเขตเทศบาล,22.69,พันคน,สำนักงานสถิติแห่งชาติ
2558,ไตรมาส 2,ภาคเหนือ,นอกเขตเทศบาล,26.96,พันคน,สำนักงานสถิติแห่งชาติ
2558,ไตรมาส 2,ภาคตะวันออกเฉียงเหนือ,ในเขตเทศบาล,26.93,พันคน,สำนักงานสถิติแห่งชาติ
2558,ไตรมาส 2,ภาคตะวันออกเฉียงเหนือ,นอกเขตเทศบาล,66.6,พันคน,สำนักงานสถิติแห่งชาติ
2558,ไตรมาส 2,ภาคใต้,ในเขตเทศบาล,21.12,พันคน,สำนักงานสถิติแห่งชาติ
2558,ไตรมาส 2,ภาคใต้,นอกเขตเทศบาล,30.81,พันคน,สำนักงานสถิติแห่งชาติ
2558,ไตรมาส 3,กรุงเทพมหานคร,ในเขตเทศบาล,53.6,พันคน,สำนักงานสถิติแห่งชาติ
2558,ไตรมาส 3,ภาคกลาง,ในเขตเทศบาล,58.23,พันคน,สำนักงานสถิติแห่งชาติ
2558,ไตรมาส 3,ภาคกลาง,นอกเขตเทศบาล,57.11,พันคน,สำนักงานสถิติแห่งชาติ
2558,ไตรมาส 3,ภาคเหนือ,ในเขตเทศบาล,13.87,พันคน,สำนักงานสถิติแห่งชาติ
2558,ไตรมาส 3,ภาคเหนือ,นอกเขตเทศบาล,35.32,พันคน,สำนักงานสถิติแห่งชาติ
2558,ไตรมาส 3,ภาคตะวันออกเฉียงเหนือ,ในเขตเทศบาล,19.79,พันคน,สำนักงานสถิติแห่งชาติ
2558,ไตรมาส 3,ภาคตะวันออกเฉียงเหนือ,นอกเขตเทศบาล,59.54,พันคน,สำนักงานสถิติแห่งชาติ
2558,ไตรมาส 3,ภาคใต้,ในเขตเทศบาล,23.31,พันคน,สำนักงานสถิติแห่งชาติ
2558,ไตรมาส 3,ภาคใต้,นอกเขตเทศบาล,35.26,พันคน,สำนักงานสถิติแห่งชาติ
2558,ไตรมาส 4,กรุงเทพมหานคร,ในเขตเทศบาล,47.06,พันคน,สำนักงานสถิติแห่งชาติ
2558,ไตรมาส 4,ภาคกลาง,ในเขตเทศบาล,50.04,พันคน,สำนักงานสถิติแห่งชาติ
2558,ไตรมาส 4,ภาคกลาง,นอกเขตเทศบาล,53.9,พันคน,สำนักงานสถิติแห่งชาติ
2558,ไตรมาส 4,ภาคเหนือ,ในเขตเทศบาล,17.21,พันคน,สำนักงานสถิติแห่งชาติ
2558,ไตรมาส 4,ภาคเหนือ,นอกเขตเทศบาล,30.51,พันคน,สำนักงานสถิติแห่งชาติ
2558,ไตรมาส 4,ภาคตะวันออกเฉียงเหนือ,ในเขตเทศบาล,13.51,พันคน,สำนักงานสถิติแห่งชาติ
2558,ไตรมาส 4,ภาคตะวันออกเฉียงเหนือ,นอกเขตเทศบาล,38.76,พันคน,สำนักงานสถิติแห่งชาติ
2558,ไตรมาส 4,ภาคใต้,ในเขตเทศบาล,15.43,พันคน,สำนักงานสถิติแห่งชาติ
2558,ไตรมาส 4,ภาคใต้,นอกเขตเทศบาล,42.42,พันคน,สำนักงานสถิติแห่งชาติ
2559,ไตรมาส 1,กรุงเทพมหานคร,ในเขตเทศบาล,39.4,พันคน,สำนักงานสถิติแห่งชาติ
2559,ไตรมาส 1,ภาคกลาง,ในเขตเทศบาล,64.45,พันคน,สำนักงานสถิติแห่งชาติ
2559,ไตรมาส 1,ภาคกลาง,นอกเขตเทศบาล,56.53,พันคน,สำนักงานสถิติแห่งชาติ
2559,ไตรมาส 1,ภาคเหนือ,ในเขตเทศบาล,19.17,พันคน,สำนักงานสถิติแห่งชาติ
2559,ไตรมาส 1,ภาคเหนือ,นอกเขตเทศบาล,43.33,พันคน,สำนักงานสถิติแห่งชาติ
2559,ไตรมาส 1,ภาคตะวันออกเฉียงเหนือ,ในเขตเทศบาล,22.27,พันคน,สำนักงานสถิติแห่งชาติ
2559,ไตรมาส 1,ภาคตะวันออกเฉียงเหนือ,นอกเขตเทศบาล,62.01,พันคน,สำนักงานสถิติแห่งชาติ
2559,ไตรมาส 1,ภาคใต้,ในเขตเทศบาล,29.9,พันคน,สำนักงานสถิติแห่งชาติ
2559,ไตรมาส 1,ภาคใต้,นอกเขตเทศบาล,32.85,พันคน,สำนักงานสถิติแห่งชาติ
2559,ไตรมาส 2,กรุงเทพมหานคร,ในเขตเทศบาล,64.6,พันคน,สำนักงานสถิติแห่งชาติ
2559,ไตรมาส 2,ภาคกลาง,ในเขตเทศบาล,49,พันคน,สำนักงานสถิติแห่งชาติ
2559,ไตรมาส 2,ภาคกลาง,นอกเขตเทศบาล,63.41,พันคน,สำนักงานสถิติแห่งชาติ
2559,ไตรมาส 2,ภาคเหนือ,ในเขตเทศบาล,23.77,พันคน,สำนักงานสถิติแห่งชาติ
2559,ไตรมาส 2,ภาคเหนือ,นอกเขตเทศบาล,30.54,พันคน,สำนักงานสถิติแห่งชาติ
2559,ไตรมาส 2,ภาคตะวันออกเฉียงเหนือ,ในเขตเทศบาล,18.16,พันคน,สำนักงานสถิติแห่งชาติ
2559,ไตรมาส 2,ภาคตะวันออกเฉียงเหนือ,นอกเขตเทศบาล,78.88,พันคน,สำนักงานสถิติแห่งชาติ
2559,ไตรมาส 2,ภาคใต้,ในเขตเทศบาล,36.79,พันคน,สำนักงานสถิติแห่งชาติ
2559,ไตรมาส 2,ภาคใต้,นอกเขตเทศบาล,46.02,พันคน,สำนักงานสถิติแห่งชาติ
2559,ไตรมาส 3,กรุงเทพมหานคร,ในเขตเทศบาล,45.4,พันคน,สำนักงานสถิติแห่งชาติ
2559,ไตรมาส 3,ภาคกลาง,ในเขตเทศบาล,51.35,พันคน,สำนักงานสถิติแห่งชาติ
2559,ไตรมาส 3,ภาคกลาง,นอกเขตเทศบาล,61.42,พันคน,สำนักงานสถิติแห่งชาติ
2559,ไตรมาส 3,ภาคเหนือ,ในเขตเทศบาล,21.33,พันคน,สำนักงานสถิติแห่งชาติ
2559,ไตรมาส 3,ภาคเหนือ,นอกเขตเทศบาล,42.27,พันคน,สำนักงานสถิติแห่งชาติ
2559,ไตรมาส 3,ภาคตะวันออกเฉียงเหนือ,ในเขตเทศบาล,23.36,พันคน,สำนักงานสถิติแห่งชาติ
2559,ไตรมาส 3,ภาคตะวันออกเฉียงเหนือ,นอกเขตเทศบาล,58.27,พันคน,สำนักงานสถิติแห่งชาติ
2559,ไตรมาส 3,ภาคใต้,ในเขตเทศบาล,29.06,พันคน,สำนักงานสถิติแห่งชาติ
2559,ไตรมาส 3,ภาคใต้,นอกเขตเทศบาล,30.07,พันคน,สำนักงานสถิติแห่งชาติ
2559,ไตรมาส 4,กรุงเทพมหานคร,ในเขตเทศบาล,37.7,พันคน,สำนักงานสถิติแห่งชาติ
2559,ไตรมาส 4,ภาคกลาง,ในเขตเทศบาล,56.73,พันคน,สำนักงานสถิติแห่งชาติ
2559,ไตรมาส 4,ภาคกลาง,นอกเขตเทศบาล,53.55,พันคน,สำนักงานสถิติแห่งชาติ
2559,ไตรมาส 4,ภาคเหนือ,ในเขตเทศบาล,18.33,พันคน,สำนักงานสถิติแห่งชาติ
2559,ไตรมาส 4,ภาคเหนือ,นอกเขตเทศบาล,44.69,พันคน,สำนักงานสถิติแห่งชาติ
2559,ไตรมาส 4,ภาคตะวันออกเฉียงเหนือ,ในเขตเทศบาล,26.67,พันคน,สำนักงานสถิติแห่งชาติ
2559,ไตรมาส 4,ภาคตะวันออกเฉียงเหนือ,นอกเขตเทศบาล,52.71,พันคน,สำนักงานสถิติแห่งชาติ
2559,ไตรมาส 4,ภาคใต้,ในเขตเทศบาล,36.29,พันคน,สำนักงานสถิติแห่งชาติ
2559,ไตรมาส 4,ภาคใต้,นอกเขตเทศบาล,39.7,พันคน,สำนักงานสถิติแห่งชาติ
2560,ไตรมาส 1,กรุงเทพมหานคร,ในเขตเทศบาล,53.15,พันคน,สำนักงานสถิติแห่งชาติ
2560,ไตรมาส 1,ภาคกลาง,ในเขตเทศบาล,66.74,พันคน,สำนักงานสถิติแห่งชาติ
2560,ไตรมาส 1,ภาคกลาง,นอกเขตเทศบาล,56.44,พันคน,สำนักงานสถิติแห่งชาติ
2560,ไตรมาส 1,ภาคเหนือ,ในเขตเทศบาล,26.84,พันคน,สำนักงานสถิติแห่งชาติ
2560,ไตรมาส 1,ภาคเหนือ,นอกเขตเทศบาล,37.29,พันคน,สำนักงานสถิติแห่งชาติ
2560,ไตรมาส 1,ภาคตะวันออกเฉียงเหนือ,ในเขตเทศบาล,28.49,พันคน,สำนักงานสถิติแห่งชาติ
2560,ไตรมาส 1,ภาคตะวันออกเฉียงเหนือ,นอกเขตเทศบาล,119.09,พันคน,สำนักงานสถิติแห่งชาติ
2560,ไตรมาส 1,ภาคใต้,ในเขตเทศบาล,26.82,พันคน,สำนักงานสถิติแห่งชาติ
2560,ไตรมาส 1,ภาคใต้,นอกเขตเทศบาล,48.52,พันคน,สำนักงานสถิติแห่งชาติ
2560,ไตรมาส 2,กรุงเทพมหานคร,ในเขตเทศบาล,65.57,พันคน,สำนักงานสถิติแห่งชาติ
2560,ไตรมาส 2,ภาคกลาง,ในเขตเทศบาล,62.45,พันคน,สำนักงานสถิติแห่งชาติ
2560,ไตรมาส 2,ภาคกลาง,นอกเขตเทศบาล,68.53,พันคน,สำนักงานสถิติแห่งชาติ
2560,ไตรมาส 2,ภาคเหนือ,ในเขตเทศบาล,32.09,พันคน,สำนักงานสถิติแห่งชาติ
2560,ไตรมาส 2,ภาคเหนือ,นอกเขตเทศบาล,40.53,พันคน,สำนักงานสถิติแห่งชาติ
2560,ไตรมาส 2,ภาคตะวันออกเฉียงเหนือ,ในเขตเทศบาล,25.4,พันคน,สำนักงานสถิติแห่งชาติ
2560,ไตรมาส 2,ภาคตะวันออกเฉียงเหนือ,นอกเขตเทศบาล,85.35,พันคน,สำนักงานสถิติแห่งชาติ
2560,ไตรมาส 2,ภาคใต้,ในเขตเทศบาล,30.8,พันคน,สำนักงานสถิติแห่งชาติ
2560,ไตรมาส 2,ภาคใต้,นอกเขตเทศบาล,54.26,พันคน,สำนักงานสถิติแห่งชาติ
2560,ไตรมาส 3,กรุงเทพมหานคร,ในเขตเทศบาล,72.62,พันคน,สำนักงานสถิติแห่งชาติ
2560,ไตรมาส 3,ภาคกลาง,ในเขตเทศบาล,53.2,พันคน,สำนักงานสถิติแห่งชาติ
2560,ไตรมาส 3,ภาคกลาง,นอกเขตเทศบาล,68.07,พันคน,สำนักงานสถิติแห่งชาติ
2560,ไตรมาส 3,ภาคเหนือ,ในเขตเทศบาล,26.8,พันคน,สำนักงานสถิติแห่งชาติ
2560,ไตรมาส 3,ภาคเหนือ,นอกเขตเทศบาล,34.57,พันคน,สำนักงานสถิติแห่งชาติ
2560,ไตรมาส 3,ภาคตะวันออกเฉียงเหนือ,ในเขตเทศบาล,27.31,พันคน,สำนักงานสถิติแห่งชาติ
2560,ไตรมาส 3,ภาคตะวันออกเฉียงเหนือ,นอกเขตเทศบาล,88.81,พันคน,สำนักงานสถิติแห่งชาติ
2560,ไตรมาส 3,ภาคใต้,ในเขตเทศบาล,25.37,พันคน,สำนักงานสถิติแห่งชาติ
2560,ไตรมาส 3,ภาคใต้,นอกเขตเทศบาล,55.84,พันคน,สำนักงานสถิติแห่งชาติ
2560,ไตรมาส 4,กรุงเทพมหานคร,ในเขตเทศบาล,61.76,พันคน,สำนักงานสถิติแห่งชาติ
2560,ไตรมาส 4,ภาคกลาง,ในเขตเทศบาล,55.31,พันคน,สำนักงานสถิติแห่งชาติ
2560,ไตรมาส 4,ภาคกลาง,นอกเขตเทศบาล,58.24,พันคน,สำนักงานสถิติแห่งชาติ
2560,ไตรมาส 4,ภาคเหนือ,ในเขตเทศบาล,20.67,พันคน,สำนักงานสถิติแห่งชาติ
2560,ไตรมาส 4,ภาคเหนือ,นอกเขตเทศบาล,37.76,พันคน,สำนักงานสถิติแห่งชาติ
2560,ไตรมาส 4,ภาคตะวันออกเฉียงเหนือ,ในเขตเทศบาล,23.85,พันคน,สำนักงานสถิติแห่งชาติ
2560,ไตรมาส 4,ภาคตะวันออกเฉียงเหนือ,นอกเขตเทศบาล,66.28,พันคน,สำนักงานสถิติแห่งชาติ
2560,ไตรมาส 4,ภาคใต้,ในเขตเทศบาล,33.41,พันคน,สำนักงานสถิติแห่งชาติ
2560,ไตรมาส 4,ภาคใต้,นอกเขตเทศบาล,64.46,พันคน,สำนักงานสถิติแห่งชาติ
2561,ไตรมาส 1,กรุงเทพมหานคร,ในเขตเทศบาล,62.06,พันคน,สำนักงานสถิติแห่งชาติ
2561,ไตรมาส 1,ภาคกลาง,ในเขตเทศบาล,58.2,พันคน,สำนักงานสถิติแห่งชาติ
2561,ไตรมาส 1,ภาคกลาง,นอกเขตเทศบาล,72.96,พันคน,สำนักงานสถิติแห่งชาติ
2561,ไตรมาส 1,ภาคเหนือ,ในเขตเทศบาล,22.74,พันคน,สำนักงานสถิติแห่งชาติ
2561,ไตรมาส 1,ภาคเหนือ,นอกเขตเทศบาล,46.38,พันคน,สำนักงานสถิติแห่งชาติ
2561,ไตรมาส 1,ภาคตะวันออกเฉียงเหนือ,ในเขตเทศบาล,36.76,พันคน,สำนักงานสถิติแห่งชาติ
2561,ไตรมาส 1,ภาคตะวันออกเฉียงเหนือ,นอกเขตเทศบาล,87.53,พันคน,สำนักงานสถิติแห่งชาติ
2561,ไตรมาส 1,ภาคใต้,ในเขตเทศบาล,30.4,พันคน,สำนักงานสถิติแห่งชาติ
2561,ไตรมาส 1,ภาคใต้,นอกเขตเทศบาล,56.74,พันคน,สำนักงานสถิติแห่งชาติ
2561,ไตรมาส 2,กรุงเทพมหานคร,ในเขตเทศบาล,60.92,พันคน,สำนักงานสถิติแห่งชาติ
2561,ไตรมาส 2,ภาคกลาง,ในเขตเทศบาล,50.99,พันคน,สำนักงานสถิติแห่งชาติ
2561,ไตรมาส 2,ภาคกลาง,นอกเขตเทศบาล,57.57,พันคน,สำนักงานสถิติแห่งชาติ
2561,ไตรมาส 2,ภาคเหนือ,ในเขตเทศบาล,22.32,พันคน,สำนักงานสถิติแห่งชาติ
2561,ไตรมาส 2,ภาคเหนือ,นอกเขตเทศบาล,41.64,พันคน,สำนักงานสถิติแห่งชาติ
2561,ไตรมาส 2,ภาคตะวันออกเฉียงเหนือ,ในเขตเทศบาล,26.06,พันคน,สำนักงานสถิติแห่งชาติ
2561,ไตรมาส 2,ภาคตะวันออกเฉียงเหนือ,นอกเขตเทศบาล,69.72,พันคน,สำนักงานสถิติแห่งชาติ
2561,ไตรมาส 2,ภาคใต้,ในเขตเทศบาล,23.93,พันคน,สำนักงานสถิติแห่งชาติ
2561,ไตรมาส 2,ภาคใต้,นอกเขตเทศบาล,58,พันคน,สำนักงานสถิติแห่งชาติ
2561,ไตรมาส 3,กรุงเทพมหานคร,ในเขตเทศบาล,63.84,พันคน,สำนักงานสถิติแห่งชาติ
2561,ไตรมาส 3,ภาคกลาง,ในเขตเทศบาล,55.53,พันคน,สำนักงานสถิติแห่งชาติ
2561,ไตรมาส 3,ภาคกลาง,นอกเขตเทศบาล,70.77,พันคน,สำนักงานสถิติแห่งชาติ
2561,ไตรมาส 3,ภาคเหนือ,ในเขตเทศบาล,23.36,พันคน,สำนักงานสถิติแห่งชาติ
2561,ไตรมาส 3,ภาคเหนือ,นอกเขตเทศบาล,35.37,พันคน,สำนักงานสถิติแห่งชาติ
2561,ไตรมาส 3,ภาคตะวันออกเฉียงเหนือ,ในเขตเทศบาล,22.81,พันคน,สำนักงานสถิติแห่งชาติ
2561,ไตรมาส 3,ภาคตะวันออกเฉียงเหนือ,นอกเขตเทศบาล,41.02,พันคน,สำนักงานสถิติแห่งชาติ
2561,ไตรมาส 3,ภาคใต้,ในเขตเทศบาล,19.04,พันคน,สำนักงานสถิติแห่งชาติ
2561,ไตรมาส 3,ภาคใต้,นอกเขตเทศบาล,41.7,พันคน,สำนักงานสถิติแห่งชาติ
2561,ไตรมาส 4,กรุงเทพมหานคร,ในเขตเทศบาล,38.98,พันคน,สำนักงานสถิติแห่งชาติ
2561,ไตรมาส 4,ภาคกลาง,ในเขตเทศบาล,51.64,พันคน,สำนักงานสถิติแห่งชาติ
2561,ไตรมาส 4,ภาคกลาง,นอกเขตเทศบาล,67.96,พันคน,สำนักงานสถิติแห่งชาติ
2561,ไตรมาส 4,ภาคเหนือ,ในเขตเทศบาล,20.73,พันคน,สำนักงานสถิติแห่งชาติ
2561,ไตรมาส 4,ภาคเหนือ,นอกเขตเทศบาล,33.81,พันคน,สำนักงานสถิติแห่งชาติ
2561,ไตรมาส 4,ภาคตะวันออกเฉียงเหนือ,ในเขตเทศบาล,22.44,พันคน,สำนักงานสถิติแห่งชาติ
2561,ไตรมาส 4,ภาคตะวันออกเฉียงเหนือ,นอกเขตเทศบาล,51.31,พันคน,สำนักงานสถิติแห่งชาติ
2561,ไตรมาส 4,ภาคใต้,ในเขตเทศบาล,23.44,พันคน,สำนักงานสถิติแห่งชาติ
2561,ไตรมาส 4,ภาคใต้,นอกเขตเทศบาล,48.46,พันคน,สำนักงานสถิติแห่งชาติ
2562,ไตรมาส 1,กรุงเทพมหานคร,ในเขตเทศบาล,42.05,พันคน,สำนักงานสถิติแห่งชาติ
2562,ไตรมาส 1,ภาคกลาง,ในเขตเทศบาล,46.92,พันคน,สำนักงานสถิติแห่งชาติ
2562,ไตรมาส 1,ภาคกลาง,นอกเขตเทศบาล,55.86,พันคน,สำนักงานสถิติแห่งชาติ
2562,ไตรมาส 1,ภาคเหนือ,ในเขตเทศบาล,18.74,พันคน,สำนักงานสถิติแห่งชาติ
2562,ไตรมาส 1,ภาคเหนือ,นอกเขตเทศบาล,33.99,พันคน,สำนักงานสถิติแห่งชาติ
2562,ไตรมาส 1,ภาคตะวันออกเฉียงเหนือ,ในเขตเทศบาล,24.1,พันคน,สำนักงานสถิติแห่งชาติ
2562,ไตรมาส 1,ภาคตะวันออกเฉียงเหนือ,นอกเขตเทศบาล,51.83,พันคน,สำนักงานสถิติแห่งชาติ
2562,ไตรมาส 1,ภาคใต้,ในเขตเทศบาล,26.9,พันคน,สำนักงานสถิติแห่งชาติ
2562,ไตรมาส 1,ภาคใต้,นอกเขตเทศบาล,50.78,พันคน,สำนักงานสถิติแห่งชาติ
2562,ไตรมาส 2,กรุงเทพมหานคร,ในเขตเทศบาล,49.73,พันคน,สำนักงานสถิติแห่งชาติ
2562,ไตรมาส 2,ภาคกลาง,ในเขตเทศบาล,58.2,พันคน,สำนักงานสถิติแห่งชาติ
2562,ไตรมาส 2,ภาคกลาง,นอกเขตเทศบาล,69.2,พันคน,สำนักงานสถิติแห่งชาติ
2562,ไตรมาส 2,ภาคเหนือ,ในเขตเทศบาล,20,พันคน,สำนักงานสถิติแห่งชาติ
2562,ไตรมาส 2,ภาคเหนือ,นอกเขตเทศบาล,41.1,พันคน,สำนักงานสถิติแห่งชาติ
2562,ไตรมาส 2,ภาคตะวันออกเฉียงเหนือ,ในเขตเทศบาล,24.42,พันคน,สำนักงานสถิติแห่งชาติ
2562,ไตรมาส 2,ภาคตะวันออกเฉียงเหนือ,นอกเขตเทศบาล,48.25,พันคน,สำนักงานสถิติแห่งชาติ
2562,ไตรมาส 2,ภาคใต้,ในเขตเทศบาล,19.56,พันคน,สำนักงานสถิติแห่งชาติ
2562,ไตรมาส 2,ภาคใต้,นอกเขตเทศบาล,45.76,พันคน,สำนักงานสถิติแห่งชาติ
2562,ไตรมาส 3,กรุงเทพมหานคร,ในเขตเทศบาล,61.1,พันคน,สำนักงานสถิติแห่งชาติ
2562,ไตรมาส 3,ภาคกลาง,ในเขตเทศบาล,70.19,พันคน,สำนักงานสถิติแห่งชาติ
2562,ไตรมาส 3,ภาคกลาง,นอกเขตเทศบาล,67.25,พันคน,สำนักงานสถิติแห่งชาติ
2562,ไตรมาส 3,ภาคเหนือ,ในเขตเทศบาล,27.6,พันคน,สำนักงานสถิติแห่งชาติ
2562,ไตรมาส 3,ภาคเหนือ,นอกเขตเทศบาล,26.9,พันคน,สำนักงานสถิติแห่งชาติ
2562,ไตรมาส 3,ภาคตะวันออกเฉียงเหนือ,ในเขตเทศบาล,20.64,พันคน,สำนักงานสถิติแห่งชาติ
2562,ไตรมาส 3,ภาคตะวันออกเฉียงเหนือ,นอกเขตเทศบาล,45.19,พันคน,สำนักงานสถิติแห่งชาติ
2562,ไตรมาส 3,ภาคใต้,ในเขตเทศบาล,23.15,พันคน,สำนักงานสถิติแห่งชาติ
2562,ไตรมาส 3,ภาคใต้,นอกเขตเทศบาล,52.05,พันคน,สำนักงานสถิติแห่งชาติ
2562,ไตรมาส 4,กรุงเทพมหานคร,ในเขตเทศบาล,32.31,พันคน,สำนักงานสถิติแห่งชาติ
2562,ไตรมาส 4,ภาคกลาง,ในเขตเทศบาล,46,พันคน,สำนักงานสถิติแห่งชาติ
2562,ไตรมาส 4,ภาคกลาง,นอกเขตเทศบาล,60.04,พันคน,สำนักงานสถิติแห่งชาติ
2562,ไตรมาส 4,ภาคเหนือ,ในเขตเทศบาล,19.49,พันคน,สำนักงานสถิติแห่งชาติ
2562,ไตรมาส 4,ภาคเหนือ,นอกเขตเทศบาล,39.18,พันคน,สำนักงานสถิติแห่งชาติ
2562,ไตรมาส 4,ภาคตะวันออกเฉียงเหนือ,ในเขตเทศบาล,18.29,พันคน,สำนักงานสถิติแห่งชาติ
2562,ไตรมาส 4,ภาคตะวันออกเฉียงเหนือ,นอกเขตเทศบาล,61.16,พันคน,สำนักงานสถิติแห่งชาติ
2562,ไตรมาส 4,ภาคใต้,ในเขตเทศบาล,25.87,พันคน,สำนักงานสถิติแห่งชาติ
2562,ไตรมาส 4,ภาคใต้,นอกเขตเทศบาล,69.12,พันคน,สำนักงานสถิติแห่งชาติ
2563,ไตรมาส 1,กรุงเทพมหานคร,ในเขตเทศบาล,47.87,พันคน,สำนักงานสถิติแห่งชาติ
2563,ไตรมาส 1,ภาคกลาง,ในเขตเทศบาล,61.95,พันคน,สำนักงานสถิติแห่งชาติ
2563,ไตรมาส 1,ภาคกลาง,นอกเขตเทศบาล,73.4,พันคน,สำนักงานสถิติแห่งชาติ
2563,ไตรมาส 1,ภาคเหนือ,ในเขตเทศบาล,20.4,พันคน,สำนักงานสถิติแห่งชาติ
2563,ไตรมาส 1,ภาคเหนือ,นอกเขตเทศบาล,32.67,พันคน,สำนักงานสถิติแห่งชาติ
2563,ไตรมาส 1,ภาคตะวันออกเฉียงเหนือ,ในเขตเทศบาล,14.1,พันคน,สำนักงานสถิติแห่งชาติ
2563,ไตรมาส 1,ภาคตะวันออกเฉียงเหนือ,นอกเขตเทศบาล,65.25,พันคน,สำนักงานสถิติแห่งชาติ
2563,ไตรมาส 1,ภาคใต้,ในเขตเทศบาล,26.93,พันคน,สำนักงานสถิติแห่งชาติ
2563,ไตรมาส 1,ภาคใต้,นอกเขตเทศบาล,51.91,พันคน,สำนักงานสถิติแห่งชาติ
2563,ไตรมาส 2,กรุงเทพมหานคร,ในเขตเทศบาล,90.03,พันคน,สำนักงานสถิติแห่งชาติ
2563,ไตรมาส 2,ภาคกลาง,ในเขตเทศบาล,128.34,พันคน,สำนักงานสถิติแห่งชาติ
2563,ไตรมาส 2,ภาคกลาง,นอกเขตเทศบาล,117.4,พันคน,สำนักงานสถิติแห่งชาติ
2563,ไตรมาส 2,ภาคเหนือ,ในเขตเทศบาล,51.56,พันคน,สำนักงานสถิติแห่งชาติ
2563,ไตรมาส 2,ภาคเหนือ,นอกเขตเทศบาล,76.36,พันคน,สำนักงานสถิติแห่งชาติ
2563,ไตรมาส 2,ภาคตะวันออกเฉียงเหนือ,ในเขตเทศบาล,44.69,พันคน,สำนักงานสถิติแห่งชาติ
2563,ไตรมาส 2,ภาคตะวันออกเฉียงเหนือ,นอกเขตเทศบาล,123.3,พันคน,สำนักงานสถิติแห่งชาติ
2563,ไตรมาส 2,ภาคใต้,ในเขตเทศบาล,46.37,พันคน,สำนักงานสถิติแห่งชาติ
2563,ไตรมาส 2,ภาคใต้,นอกเขตเทศบาล,67.12,พันคน,สำนักงานสถิติแห่งชาติ
2563,ไตรมาส 3,กรุงเทพมหานคร,ในเขตเทศบาล,110.4,พันคน,สำนักงานสถิติแห่งชาติ
2563,ไตรมาส 3,ภาคกลาง,ในเขตเทศบาล,115.02,พันคน,สำนักงานสถิติแห่งชาติ
2563,ไตรมาส 3,ภาคกลาง,นอกเขตเทศบาล,116.76,พันคน,สำนักงานสถิติแห่งชาติ
2563,ไตรมาส 3,ภาคเหนือ,ในเขตเทศบาล,43.01,พันคน,สำนักงานสถิติแห่งชาติ
2563,ไตรมาส 3,ภาคเหนือ,นอกเขตเทศบาล,50.55,พันคน,สำนักงานสถิติแห่งชาติ
2563,ไตรมาส 3,ภาคตะวันออกเฉียงเหนือ,ในเขตเทศบาล,38.79,พันคน,สำนักงานสถิติแห่งชาติ
2563,ไตรมาส 3,ภาคตะวันออกเฉียงเหนือ,นอกเขตเทศบาล,114.71,พันคน,สำนักงานสถิติแห่งชาติ
2563,ไตรมาส 3,ภาคใต้,ในเขตเทศบาล,62.16,พันคน,สำนักงานสถิติแห่งชาติ
2563,ไตรมาส 3,ภาคใต้,นอกเขตเทศบาล,86.27,พันคน,สำนักงานสถิติแห่งชาติ
2563,ไตรมาส 4,กรุงเทพมหานคร,ในเขตเทศบาล,132.05,พันคน,สำนักงานสถิติแห่งชาติ
2563,ไตรมาส 4,ภาคกลาง,ในเขตเทศบาล,104.38,พันคน,สำนักงานสถิติแห่งชาติ
2563,ไตรมาส 4,ภาคกลาง,นอกเขตเทศบาล,120.11,พันคน,สำนักงานสถิติแห่งชาติ
2563,ไตรมาส 4,ภาคเหนือ,ในเขตเทศบาล,39.52,พันคน,สำนักงานสถิติแห่งชาติ
2563,ไตรมาส 4,ภาคเหนือ,นอกเขตเทศบาล,45.15,พันคน,สำนักงานสถิติแห่งชาติ
2563,ไตรมาส 4,ภาคตะวันออกเฉียงเหนือ,ในเขตเทศบาล,31.96,พันคน,สำนักงานสถิติแห่งชาติ
2563,ไตรมาส 4,ภาคตะวันออกเฉียงเหนือ,นอกเขตเทศบาล,94.82,พันคน,สำนักงานสถิติแห่งชาติ
2563,ไตรมาส 4,ภาคใต้,ในเขตเทศบาล,62.92,พันคน,สำนักงานสถิติแห่งชาติ
2563,ไตรมาส 4,ภาคใต้,นอกเขตเทศบาล,96.14,พันคน,สำนักงานสถิติแห่งชาติ
2564,ไตรมาส 1,กรุงเทพมหานคร,ในเขตเทศบาล,125,พันคน,สำนักงานสถิติแห่งชาติ
2564,ไตรมาส 1,ภาคกลาง,ในเขตเทศบาล,89.39,พันคน,สำนักงานสถิติแห่งชาติ
2564,ไตรมาส 1,ภาคกลาง,นอกเขตเทศบาล,116.96,พันคน,สำนักงานสถิติแห่งชาติ
2564,ไตรมาส 1,ภาคเหนือ,ในเขตเทศบาล,39.56,พันคน,สำนักงานสถิติแห่งชาติ
2564,ไตรมาส 1,ภาคเหนือ,นอกเขตเทศบาล,69.74,พันคน,สำนักงานสถิติแห่งชาติ
2564,ไตรมาส 1,ภาคตะวันออกเฉียงเหนือ,ในเขตเทศบาล,43.57,พันคน,สำนักงานสถิติแห่งชาติ
2564,ไตรมาส 1,ภาคตะวันออกเฉียงเหนือ,นอกเขตเทศบาล,109.98,พันคน,สำนักงานสถิติแห่งชาติ
2564,ไตรมาส 1,ภาคใต้,ในเขตเทศบาล,63.16,พันคน,สำนักงานสถิติแห่งชาติ
2564,ไตรมาส 1,ภาคใต้,นอกเขตเทศบาล,100.74,พันคน,สำนักงานสถิติแห่งชาติ
2564,ไตรมาส 2,กรุงเทพมหานคร,ในเขตเทศบาล,136.83,พันคน,สำนักงานสถิติแห่งชาติ
2564,ไตรมาส 2,ภาคกลาง,ในเขตเทศบาล,85.04,พันคน,สำนักงานสถิติแห่งชาติ
2564,ไตรมาส 2,ภาคกลาง,นอกเขตเทศบาล,91,พันคน,สำนักงานสถิติแห่งชาติ
2564,ไตรมาส 2,ภาคเหนือ,ในเขตเทศบาล,42.95,พันคน,สำนักงานสถิติแห่งชาติ
2564,ไตรมาส 2,ภาคเหนือ,นอกเขตเทศบาล,72.84,พันคน,สำนักงานสถิติแห่งชาติ
2564,ไตรมาส 2,ภาคตะวันออกเฉียงเหนือ,ในเขตเทศบาล,38.28,พันคน,สำนักงานสถิติแห่งชาติ
2564,ไตรมาส 2,ภาคตะวันออกเฉียงเหนือ,นอกเขตเทศบาล,109.11,พันคน,สำนักงานสถิติแห่งชาติ
2564,ไตรมาส 2,ภาคใต้,ในเขตเทศบาล,65.1,พันคน,สำนักงานสถิติแห่งชาติ
2564,ไตรมาส 2,ภาคใต้,นอกเขตเทศบาล,90.69,พันคน,สำนักงานสถิติแห่งชาติ
2564,ไตรมาส 3,กรุงเทพมหานคร,ในเขตเทศบาล,201.05,พันคน,สำนักงานสถิติแห่งชาติ
2564,ไตรมาส 3,ภาคกลาง,ในเขตเทศบาล,112.52,พันคน,สำนักงานสถิติแห่งชาติ
2564,ไตรมาส 3,ภาคกลาง,นอกเขตเทศบาล,104.52,พันคน,สำนักงานสถิติแห่งชาติ
2564,ไตรมาส 3,ภาคเหนือ,ในเขตเทศบาล,47.22,พันคน,สำนักงานสถิติแห่งชาติ
2564,ไตรมาส 3,ภาคเหนือ,นอกเขตเทศบาล,76.05,พันคน,สำนักงานสถิติแห่งชาติ
2564,ไตรมาส 3,ภาคตะวันออกเฉียงเหนือ,ในเขตเทศบาล,43.93,พันคน,สำนักงานสถิติแห่งชาติ
2564,ไตรมาส 3,ภาคตะวันออกเฉียงเหนือ,นอกเขตเทศบาล,106.5,พันคน,สำนักงานสถิติแห่งชาติ
2564,ไตรมาส 3,ภาคใต้,ในเขตเทศบาล,75.13,พันคน,สำนักงานสถิติแห่งชาติ
2564,ไตรมาส 3,ภาคใต้,นอกเขตเทศบาล,104.34,พันคน,สำนักงานสถิติแห่งชาติ
2564,ไตรมาส 4,กรุงเทพมหานคร,ในเขตเทศบาล,116.74,พันคน,สำนักงานสถิติแห่งชาติ
2564,ไตรมาส 4,ภาคกลาง,ในเขตเทศบาล,81.27,พันคน,สำนักงานสถิติแห่งชาติ
2564,ไตรมาส 4,ภาคกลาง,นอกเขตเทศบาล,73.29,พันคน,สำนักงานสถิติแห่งชาติ
2564,ไตรมาส 4,ภาคเหนือ,ในเขตเทศบาล,39.7,พันคน,สำนักงานสถิติแห่งชาติ
2564,ไตรมาส 4,ภาคเหนือ,นอกเขตเทศบาล,52.31,พันคน,สำนักงานสถิติแห่งชาติ
2564,ไตรมาส 4,ภาคตะวันออกเฉียงเหนือ,ในเขตเทศบาล,34.43,พันคน,สำนักงานสถิติแห่งชาติ
2564,ไตรมาส 4,ภาคตะวันออกเฉียงเหนือ,นอกเขตเทศบาล,94.36,พันคน,สำนักงานสถิติแห่งชาติ
2564,ไตรมาส 4,ภาคใต้,ในเขตเทศบาล,52.76,พันคน,สำนักงานสถิติแห่งชาติ
2564,ไตรมาส 4,ภาคใต้,นอกเขตเทศบาล,87.03,พันคน,สำนักงานสถิติแห่งชาติ
2565,ไตรมาส 1,กรุงเทพมหานคร,ในเขตเทศบาล,105.57,พันคน,สำนักงานสถิติแห่งชาติ
2565,ไตรมาส 1,ภาคกลาง,ในเขตเทศบาล,77.1,พันคน,สำนักงานสถิติแห่งชาติ
2565,ไตรมาส 1,ภาคกลาง,นอกเขตเทศบาล,80.08,พันคน,สำนักงานสถิติแห่งชาติ
2565,ไตรมาส 1,ภาคเหนือ,ในเขตเทศบาล,39.3,พันคน,สำนักงานสถิติแห่งชาติ
2565,ไตรมาส 1,ภาคเหนือ,นอกเขตเทศบาล,62.46,พันคน,สำนักงานสถิติแห่งชาติ
2565,ไตรมาส 1,ภาคตะวันออกเฉียงเหนือ,ในเขตเทศบาล,37.46,พันคน,สำนักงานสถิติแห่งชาติ
2565,ไตรมาส 1,ภาคตะวันออกเฉียงเหนือ,นอกเขตเทศบาล,78.51,พันคน,สำนักงานสถิติแห่งชาติ
2565,ไตรมาส 1,ภาคใต้,ในเขตเทศบาล,51.81,พันคน,สำนักงานสถิติแห่งชาติ
2565,ไตรมาส 1,ภาคใต้,นอกเขตเทศบาล,75.31,พันคน,สำนักงานสถิติแห่งชาติ
2565,ไตรมาส 2,กรุงเทพมหานคร,ในเขตเทศบาล,79.71,พันคน,สำนักงานสถิติแห่งชาติ
2565,ไตรมาส 2,ภาคกลาง,ในเขตเทศบาล,76.1,พันคน,สำนักงานสถิติแห่งชาติ
2565,ไตรมาส 2,ภาคกลาง,นอกเขตเทศบาล,73.41,พันคน,สำนักงานสถิติแห่งชาติ
2565,ไตรมาส 2,ภาคเหนือ,ในเขตเทศบาล,26.26,พันคน,สำนักงานสถิติแห่งชาติ
2565,ไตรมาส 2,ภาคเหนือ,นอกเขตเทศบาล,56.64,พันคน,สำนักงานสถิติแห่งชาติ
2565,ไตรมาส 2,ภาคตะวันออกเฉียงเหนือ,ในเขตเทศบาล,28.91,พันคน,สำนักงานสถิติแห่งชาติ
2565,ไตรมาส 2,ภาคตะวันออกเฉียงเหนือ,นอกเขตเทศบาล,80.95,พันคน,สำนักงานสถิติแห่งชาติ
2565,ไตรมาส 2,ภาคใต้,ในเขตเทศบาล,43.28,พันคน,สำนักงานสถิติแห่งชาติ
2565,ไตรมาส 2,ภาคใต้,นอกเขตเทศบาล,81.33,พันคน,สำนักงานสถิติแห่งชาติ
2565,ไตรมาส 3,กรุงเทพมหานคร,ในเขตเทศบาล,65.05,พันคน,สำนักงานสถิติแห่งชาติ
2565,ไตรมาส 3,ภาคกลาง,ในเขตเทศบาล,73.6,พันคน,สำนักงานสถิติแห่งชาติ
2565,ไตรมาส 3,ภาคกลาง,นอกเขตเทศบาล,76.9,พันคน,สำนักงานสถิติแห่งชาติ
2565,ไตรมาส 3,ภาคเหนือ,ในเขตเทศบาล,42.34,พันคน,สำนักงานสถิติแห่งชาติ
2565,ไตรมาส 3,ภาคเหนือ,นอกเขตเทศบาล,45.16,พันคน,สำนักงานสถิติแห่งชาติ
2565,ไตรมาส 3,ภาคตะวันออกเฉียงเหนือ,ในเขตเทศบาล,18.51,พันคน,สำนักงานสถิติแห่งชาติ
2565,ไตรมาส 3,ภาคตะวันออกเฉียงเหนือ,นอกเขตเทศบาล,66.89,พันคน,สำนักงานสถิติแห่งชาติ
2565,ไตรมาส 3,ภาคใต้,ในเขตเทศบาล,39.59,พันคน,สำนักงานสถิติแห่งชาติ
2565,ไตรมาส 3,ภาคใต้,นอกเขตเทศบาล,63.38,พันคน,สำนักงานสถิติแห่งชาติ
2565,ไตรมาส 4,กรุงเทพมหานคร,ในเขตเทศบาล,69.69,พันคน,สำนักงานสถิติแห่งชาติ
2565,ไตรมาส 4,ภาคกลาง,ในเขตเทศบาล,75.78,พันคน,สำนักงานสถิติแห่งชาติ
2565,ไตรมาส 4,ภาคกลาง,นอกเขตเทศบาล,86.73,พันคน,สำนักงานสถิติแห่งชาติ
2565,ไตรมาส 4,ภาคเหนือ,ในเขตเทศบาล,19.39,พันคน,สำนักงานสถิติแห่งชาติ
2565,ไตรมาส 4,ภาคเหนือ,นอกเขตเทศบาล,40.08,พันคน,สำนักงานสถิติแห่งชาติ
2565,ไตรมาส 4,ภาคตะวันออกเฉียงเหนือ,ในเขตเทศบาล,18.87,พันคน,สำนักงานสถิติแห่งชาติ
2565,ไตรมาส 4,ภาคตะวันออกเฉียงเหนือ,นอกเขตเทศบาล,56.34,พันคน,สำนักงานสถิติแห่งชาติ
2565,ไตรมาส 4,ภาคใต้,ในเขตเทศบาล,31.3,พันคน,สำนักงานสถิติแห่งชาติ
2565,ไตรมาส 4,ภาคใต้,นอกเขตเทศบาล,64.31,พันคน,สำนักงานสถิติแห่งชาติ
2566,ไตรมาส 1,กรุงเทพมหานคร,ในเขตเทศบาล,62.39,พันคน,สำนักงานสถิติแห่งชาติ
2566,ไตรมาส 1,ภาคกลาง,ในเขตเทศบาล,83.3,พันคน,สำนักงานสถิติแห่งชาติ
2566,ไตรมาส 1,ภาคกลาง,นอกเขตเทศบาล,73.17,พันคน,สำนักงานสถิติแห่งชาติ
2566,ไตรมาส 1,ภาคเหนือ,ในเขตเทศบาล,30.88,พันคน,สำนักงานสถิติแห่งชาติ
2566,ไตรมาส 1,ภาคเหนือ,นอกเขตเทศบาล,32.14,พันคน,สำนักงานสถิติแห่งชาติ
2566,ไตรมาส 1,ภาคตะวันออกเฉียงเหนือ,ในเขตเทศบาล,21.13,พันคน,สำนักงานสถิติแห่งชาติ
2566,ไตรมาส 1,ภาคตะวันออกเฉียงเหนือ,นอกเขตเทศบาล,42.02,พันคน,สำนักงานสถิติแห่งชาติ
2566,ไตรมาส 1,ภาคใต้,ในเขตเทศบาล,24.23,พันคน,สำนักงานสถิติแห่งชาติ
2566,ไตรมาส 1,ภาคใต้,นอกเขตเทศบาล,51.89,พันคน,สำนักงานสถิติแห่งชาติ
2566,ไตรมาส 2,กรุงเทพมหานคร,ในเขตเทศบาล,63.84,พันคน,สำนักงานสถิติแห่งชาติ
2566,ไตรมาส 2,ภาคกลาง,ในเขตเทศบาล,65.58,พันคน,สำนักงานสถิติแห่งชาติ
2566,ไตรมาส 2,ภาคกลาง,นอกเขตเทศบาล,80,พันคน,สำนักงานสถิติแห่งชาติ
2566,ไตรมาส 2,ภาคเหนือ,ในเขตเทศบาล,19.84,พันคน,สำนักงานสถิติแห่งชาติ
2566,ไตรมาส 2,ภาคเหนือ,นอกเขตเทศบาล,39.1,พันคน,สำนักงานสถิติแห่งชาติ
2566,ไตรมาส 2,ภาคตะวันออกเฉียงเหนือ,ในเขตเทศบาล,18.83,พันคน,สำนักงานสถิติแห่งชาติ
2566,ไตรมาส 2,ภาคตะวันออกเฉียงเหนือ,นอกเขตเทศบาล,58.88,พันคน,สำนักงานสถิติแห่งชาติ
2566,ไตรมาส 2,ภาคใต้,ในเขตเทศบาล,28.19,พันคน,สำนักงานสถิติแห่งชาติ
2566,ไตรมาส 2,ภาคใต้,นอกเขตเทศบาล,54.79,พันคน,สำนักงานสถิติแห่งชาติ
2566,ไตรมาส 3,กรุงเทพมหานคร,ในเขตเทศบาล,56.58,พันคน,สำนักงานสถิติแห่งชาติ
2566,ไตรมาส 3,ภาคกลาง,ในเขตเทศบาล,66.47,พันคน,สำนักงานสถิติแห่งชาติ
2566,ไตรมาส 3,ภาคกลาง,นอกเขตเทศบาล,66.4,พันคน,สำนักงานสถิติแห่งชาติ
2566,ไตรมาส 3,ภาคเหนือ,ในเขตเทศบาล,28.4,พันคน,สำนักงานสถิติแห่งชาติ
2566,ไตรมาส 3,ภาคเหนือ,นอกเขตเทศบาล,36.49,พันคน,สำนักงานสถิติแห่งชาติ
2566,ไตรมาส 3,ภาคตะวันออกเฉียงเหนือ,ในเขตเทศบาล,19.7,พันคน,สำนักงานสถิติแห่งชาติ
2566,ไตรมาส 3,ภาคตะวันออกเฉียงเหนือ,นอกเขตเทศบาล,44.58,พันคน,สำนักงานสถิติแห่งชาติ
2566,ไตรมาส 3,ภาคใต้,ในเขตเทศบาล,26.05,พันคน,สำนักงานสถิติแห่งชาติ
2566,ไตรมาส 3,ภาคใต้,นอกเขตเทศบาล,56.52,พันคน,สำนักงานสถิติแห่งชาติ
2566,ไตรมาส 4,กรุงเทพมหานคร,ในเขตเทศบาล,42.71,พันคน,สำนักงานสถิติแห่งชาติ
2566,ไตรมาส 4,ภาคกลาง,ในเขตเทศบาล,49.79,พันคน,สำนักงานสถิติแห่งชาติ
2566,ไตรมาส 4,ภาคกลาง,นอกเขตเทศบาล,48.71,พันคน,สำนักงานสถิติแห่งชาติ
2566,ไตรมาส 4,ภาคเหนือ,ในเขตเทศบาล,27.01,พันคน,สำนักงานสถิติแห่งชาติ
2566,ไตรมาส 4,ภาคเหนือ,นอกเขตเทศบาล,42.41,พันคน,สำนักงานสถิติแห่งชาติ
2566,ไตรมาส 4,ภาคตะวันออกเฉียงเหนือ,ในเขตเทศบาล,9.93,พันคน,สำนักงานสถิติแห่งชาติ
2566,ไตรมาส 4,ภาคตะวันออกเฉียงเหนือ,นอกเขตเทศบาล,41.98,พันคน,สำนักงานสถิติแห่งชาติ
2566,ไตรมาส 4,ภาคใต้,ในเขตเทศบาล,20.23,พันคน,สำนักงานสถิติแห่งชาติ
2566,ไตรมาส 4,ภาคใต้,นอกเขตเทศบาล,46.52,พันคน,สำนักงานสถิติแห่งชาติ
2567,ไตรมาสที่ 1/2567,1) กรุงเทพมหานคร,1) เขตเทศบาล,52.11,พันคน,สำนักงานสถิติแห่งชาติ
2567,ไตรมาสที่ 1/2567,2) ภาคกลาง,1) เขตเทศบาล,77.18,พันคน,สำนักงานสถิติแห่งชาติ
2567,ไตรมาสที่ 1/2567,2) ภาคกลาง,2) นอกเขตเทศบาล,62.97,พันคน,สำนักงานสถิติแห่งชาติ
2567,ไตรมาสที่ 1/2567,3) ภาคเหนือ,1) เขตเทศบาล,18.91,พันคน,สำนักงานสถิติแห่งชาติ
2567,ไตรมาสที่ 1/2567,3) ภาคเหนือ,2) นอกเขตเทศบาล,36.53,พันคน,สำนักงานสถิติแห่งชาติ
2567,ไตรมาสที่ 1/2567,4) ภาคตะวันออกเฉียงเหนือ,1) เขตเทศบาล,22.03,พันคน,สำนักงานสถิติแห่งชาติ
2567,ไตรมาสที่ 1/2567,4) ภาคตะวันออกเฉียงเหนือ,2) นอกเขตเทศบาล,71.56,พันคน,สำนักงานสถิติแห่งชาติ
2567,ไตรมาสที่ 1/2567,5) ภาคใต้,1) เขตเทศบาล,20.32,พันคน,สำนักงานสถิติแห่งชาติ
2567,ไตรมาสที่ 1/2567,5) ภาคใต้,2) นอกเขตเทศบาล,46.08,พันคน,สำนักงานสถิติแห่งชาติ
2567,ไตรมาสที่ 2/2567,1) กรุงเทพมหานคร,1) ในเขตเทศบาล,67,พันคน,สำนักงานสถิติแห่งชาติ
2567,ไตรมาสที่ 2/2567,2) ภาคกลาง,1) ในเขตเทศบาล,78.2,พันคน,สำนักงานสถิติแห่งชาติ
2567,ไตรมาสที่ 2/2567,2) ภาคกลาง,2) นอกเขตเทศบาล,63.5,พันคน,สำนักงานสถิติแห่งชาติ
2567,ไตรมาสที่ 2/2567,3) ภาคเหนือ,1) ในเขตเทศบาล,27.5,พันคน,สำนักงานสถิติแห่งชาติ
2567,ไตรมาสที่ 2/2567,3) ภาคเหนือ,2) นอกเขตเทศบาล,41.5,พันคน,สำนักงานสถิติแห่งชาติ
2567,ไตรมาสที่ 2/2567,4) ภาคตะวันออกเฉียงเหนือ,1) ในเขตเทศบาล,24.5,พันคน,สำนักงานสถิติแห่งชาติ
2567,ไตรมาสที่ 2/2567,4) ภาคตะวันออกเฉียงเหนือ,2) นอกเขตเทศบาล,60.4,พันคน,สำนักงานสถิติแห่งชาติ
2567,ไตรมาสที่ 2/2567,5) ภาคใต้,1) ในเขตเทศบาล,22.3,พันคน,สำนักงานสถิติแห่งชาติ
2567,ไตรมาสที่ 2/2567,5) ภาคใต้,2) นอกเขตเทศบาล,44,พันคน,สำนักงานสถิติแห่งชาติ
2567,ไตรมาสที่ 3/2567,1) กรุงเทพมหานคร,1) ในเขตเทศบาล,67.5,พันคน,สำนักงานสถิติแห่งชาติ
2567,ไตรมาสที่ 3/2567,2) ภาคกลาง,1) ในเขตเทศบาล,76.2,พันคน,สำนักงานสถิติแห่งชาติ
2567,ไตรมาสที่ 3/2567,2) ภาคกลาง,2) นอกเขตเทศบาล,61.6,พันคน,สำนักงานสถิติแห่งชาติ
2567,ไตรมาสที่ 3/2567,3) ภาคเหนือ,1) ในเขตเทศบาล,19.6,พันคน,สำนักงานสถิติแห่งชาติ
2567,ไตรมาสที่ 3/2567,3) ภาคเหนือ,2) นอกเขตเทศบาล,40.2,พันคน,สำนักงานสถิติแห่งชาติ
2567,ไตรมาสที่ 3/2567,4) ภาคตะวันออกเฉียงเหนือ,1) ในเขตเทศบาล,21.2,พันคน,สำนักงานสถิติแห่งชาติ
2567,ไตรมาสที่ 3/2567,4) ภาคตะวันออกเฉียงเหนือ,2) นอกเขตเทศบาล,63.7,พันคน,สำนักงานสถิติแห่งชาติ
2567,ไตรมาสที่ 3/2567,5) ภาคใต้,1) ในเขตเทศบาล,19.4,พันคน,สำนักงานสถิติแห่งชาติ
2567,ไตรมาสที่ 3/2567,5) ภาคใต้,2) นอกเขตเทศบาล,44.6,พันคน,สำนักงานสถิติแห่งชาติ
2567,ไตรมาสที่ 4/2567,1) กรุงเทพมหานคร,1) ในเขตเทศบาล,49.7,พันคน,สำนักงานสถิติแห่งชาติ
2567,ไตรมาสที่ 4/2567,2) ภาคกลาง,1) ในเขตเทศบาล,69.8,พันคน,สำนักงานสถิติแห่งชาติ
2567,ไตรมาสที่ 4/2567,2) ภาคกลาง,2) นอกเขตเทศบาล,66.6,พันคน,สำนักงานสถิติแห่งชาติ
2567,ไตรมาสที่ 4/2567,3) ภาคเหนือ,1) ในเขตเทศบาล,17.3,พันคน,สำนักงานสถิติแห่งชาติ
2567,ไตรมาสที่ 4/2567,3) ภาคเหนือ,2) นอกเขตเทศบาล,40.3,พันคน,สำนักงานสถิติแห่งชาติ
2567,ไตรมาสที่ 4/2567,4) ภาคตะวันออกเฉียงเหนือ,1) ในเขตเทศบาล,18,พันคน,สำนักงานสถิติแห่งชาติ
2567,ไตรมาสที่ 4/2567,4) ภาคตะวันออกเฉียงเหนือ,2) นอกเขตเทศบาล,32,พันคน,สำนักงานสถิติแห่งชาติ
2567,ไตรมาสที่ 4/2567,5) ภาคใต้,1) ในเขตเทศบาล,20.7,พันคน,สำนักงานสถิติแห่งชาติ
2567,ไตรมาสที่ 4/2567,5) ภาคใต้,2) นอกเขตเทศบาล,43.9,พันคน,สำนักงานสถิติแห่งชาติ
2568,ไตรมาสที่ 1/2568,1) กรุงเทพมหานคร,1) ในเขตเทศบาล,63.5,พันคน,สำนักงานสถิติแห่งชาติ
2568,ไตรมาสที่ 1/2568,2) กลาง,1) ในเขตเทศบาล,52.6,พันคน,สำนักงานสถิติแห่งชาติ
2568,ไตรมาสที่ 1/2568,2) กลาง,2) นอกเขตเทศบาล,48.4,พันคน,สำนักงานสถิติแห่งชาติ
2568,ไตรมาสที่ 1/2568,3) ใต้,1) ในเขตเทศบาล,17,พันคน,สำนักงานสถิติแห่งชาติ
2568,ไตรมาสที่ 1/2568,3) ใต้,2) นอกเขตเทศบาล,21.2,พันคน,สำนักงานสถิติแห่งชาติ
2568,ไตรมาสที่ 1/2568,4) ใต้ชายแดน,1) ในเขตเทศบาล,3.7,พันคน,สำนักงานสถิติแห่งชาติ
2568,ไตรมาสที่ 1/2568,4) ใต้ชายแดน,2) นอกเขตเทศบาล,14.3,พันคน,สำนักงานสถิติแห่งชาติ
2568,ไตรมาสที่ 1/2568,5) ตะวันออก,1) ในเขตเทศบาล,11.9,พันคน,สำนักงานสถิติแห่งชาติ
2568,ไตรมาสที่ 1/2568,5) ตะวันออก,2) นอกเขตเทศบาล,23.5,พันคน,สำนักงานสถิติแห่งชาติ
2568,ไตรมาสที่ 1/2568,6) ตะวันออกเฉียงเหนือ,1) ในเขตเทศบาล,15.6,พันคน,สำนักงานสถิติแห่งชาติ
2568,ไตรมาสที่ 1/2568,6) ตะวันออกเฉียงเหนือ,2) นอกเขตเทศบาล,29.2,พันคน,สำนักงานสถิติแห่งชาติ
2568,ไตรมาสที่ 1/2568,7) เหนือ,1) ในเขตเทศบาล,17.1,พันคน,สำนักงานสถิติแห่งชาติ
2568,ไตรมาสที่ 1/2568,7) เหนือ,2) นอกเขตเทศบาล,39.7,พันคน,สำนักงานสถิติแห่งชาติ
2568,ไตรมาสที่ 2/2568,1) กรุงเทพมหานคร,1) ในเขตเทศบาล,58,พันคน,สำนักงานสถิติแห่งชาติ
2568,ไตรมาสที่ 2/2568,2) กลาง,1) ในเขตเทศบาล,37.2,พันคน,สำนักงานสถิติแห่งชาติ
2568,ไตรมาสที่ 2/2568,2) กลาง,2) นอกเขตเทศบาล,35.1,พันคน,สำนักงานสถิติแห่งชาติ
2568,ไตรมาสที่ 2/2568,3) ใต้,1) ในเขตเทศบาล,20.4,พันคน,สำนักงานสถิติแห่งชาติ
2568,ไตรมาสที่ 2/2568,3) ใต้,2) นอกเขตเทศบาล,26.5,พันคน,สำนักงานสถิติแห่งชาติ
2568,ไตรมาสที่ 2/2568,4) ใต้ชายแดน,1) ในเขตเทศบาล,3.5,พันคน,สำนักงานสถิติแห่งชาติ
2568,ไตรมาสที่ 2/2568,4) ใต้ชายแดน,2) นอกเขตเทศบาล,13.8,พันคน,สำนักงานสถิติแห่งชาติ
2568,ไตรมาสที่ 2/2568,5) ตะวันออก,1) ในเขตเทศบาล,9.7,พันคน,สำนักงานสถิติแห่งชาติ
2568,ไตรมาสที่ 2/2568,5) ตะวันออก,2) นอกเขตเทศบาล,24,พันคน,สำนักงานสถิติแห่งชาติ
2568,ไตรมาสที่ 2/2568,6) ตะวันออกเฉียงเหนือ,1) ในเขตเทศบาล,20.9,พันคน,สำนักงานสถิติแห่งชาติ
2568,ไตรมาสที่ 2/2568,6) ตะวันออกเฉียงเหนือ,2) นอกเขตเทศบาล,48.7,พันคน,สำนักงานสถิติแห่งชาติ
2568,ไตรมาสที่ 2/2568,7) เหนือ,1) ในเขตเทศบาล,23.4,พันคน,สำนักงานสถิติแห่งชาติ
2568,ไตรมาสที่ 2/2568,7) เหนือ,2) นอกเขตเทศบาล,44.3,พันคน,สำนักงานสถิติแห่งชาติ
2568,ไตรมาสที่ 3/2568,1) กรุงเทพมหานคร,1) ในเขตเทศบาล,38.2,พันคน,สำนักงานสถิติแห่งชาติ
2568,ไตรมาสที่ 3/2568,2) กลาง,1) ในเขตเทศบาล,51.3,พันคน,สำนักงานสถิติแห่งชาติ
2568,ไตรมาสที่ 3/2568,2) กลาง,2) นอกเขตเทศบาล,36.9,พันคน,สำนักงานสถิติแห่งชาติ
2568,ไตรมาสที่ 3/2568,3) ใต้,1) ในเขตเทศบาล,16.2,พันคน,สำนักงานสถิติแห่งชาติ
2568,ไตรมาสที่ 3/2568,3) ใต้,2) นอกเขตเทศบาล,19.3,พันคน,สำนักงานสถิติแห่งชาติ
2568,ไตรมาสที่ 3/2568,4) ใต้ชายแดน,1) ในเขตเทศบาล,4,พันคน,สำนักงานสถิติแห่งชาติ
2568,ไตรมาสที่ 3/2568,4) ใต้ชายแดน,2) นอกเขตเทศบาล,14.6,พันคน,สำนักงานสถิติแห่งชาติ
2568,ไตรมาสที่ 3/2568,5) ตะวันออก,1) ในเขตเทศบาล,9.8,พันคน,สำนักงานสถิติแห่งชาติ
2568,ไตรมาสที่ 3/2568,5) ตะวันออก,2) นอกเขตเทศบาล,7.9,พันคน,สำนักงานสถิติแห่งชาติ
2568,ไตรมาสที่ 3/2568,6) ตะวันออกเฉียงเหนือ,1) ในเขตเทศบาล,11.3,พันคน,สำนักงานสถิติแห่งชาติ
2568,ไตรมาสที่ 3/2568,6) ตะวันออกเฉียงเหนือ,2) นอกเขตเทศบาล,35.7,พันคน,สำนักงานสถิติแห่งชาติ
2568,ไตรมาสที่ 3/2568,7) เหนือ,1) ในเขตเทศบาล,21.7,พันคน,สำนักงานสถิติแห่งชาติ
2568,ไตรมาสที่ 3/2568,7) เหนือ,2) นอกเขตเทศบาล,40.6,พันคน,สำนักงานสถิติแห่งชาติ
